Employee_ID,EmpName,Age,Gender,Salary,Dept
101,Amit,25,Male,35000,HR
102,Priya,28,Female,42000,Finance
103,Rahul,,Male,50000,IT
104,Neha,31,,60000,Marketing
105,Vikas,29,Male,-45000,Sales
106,Anjali,26,Female,39000,HR
107,Rohit,35,Male,72000,IT
108,Pooja,,Female,48000,Finance
109,Karan,30,Male,-30000,Sales
110,Sneha,27,Female,45000,Marketing
111,Arjun,32,Male,55000,IT
112,Kavita,24,,38000,HR
113,Manish,29,Male,47000,Finance
114,Meena,33,Female,65000,Marketing
115,Sachin,31,Male,-25000,Sales
116,Divya,26,Female,41000,HR
117,Nitin,28,Male,46000,IT
118,Komal,,Female,52000,Finance
119,Harsh,34,Male,68000,Sales
120,Riya,27,Female,44000,Marketing
102,Priya,28,Female,42000,Finance
104,Neha,31,,60000,Marketing